原名,类型,相对路径,大小字节
Warehouse_盘点.pdf,pdf,pdf/Warehouse_盘点.pdf,4353
meeting-brief.pdf,pdf,pdf/meeting-brief.pdf,3400
十月预算.pdf,pdf,pdf/十月预算.pdf,1691
采购单 003.pdf,pdf,pdf/采购单 003.pdf,2513
clients October.csv,csv,csv/clients October.csv,2036
stock_20261001.csv,csv,csv/stock_20261001.csv,3054
报销记录.csv,csv,csv/报销记录.csv,4084
销售明细.csv,csv,csv/销售明细.csv,1026
field-notes.txt,txt,txt/field-notes.txt,11978
todo 10月.txt,txt,txt/todo 10月.txt,2970
交接说明.txt,txt,txt/交接说明.txt,6713
电话记录.txt,txt,txt/电话记录.txt,745
Release Notes.md,md,md/Release Notes.md,6713
会议纪要.md,md,md/会议纪要.md,2971
操作指南.md,md,md/操作指南.md,11978
项目进度.md,md,md/项目进度.md,744
DELIVERY_104,no_extension,no_extension/DELIVERY_104,6709
README,no_extension,no_extension/README,735
临时便签,no_extension,no_extension/临时便签,2968
库存核对,no_extension,no_extension/库存核对,11975
